{"_step":8,"epoch":8,"train_loss":4.196629772002852e-06,"_wandb":{"runtime":460},"_runtime":460,"valid_loss":3.413834859714569e-06,"_timestamp":1.7612427144109545e+09}