{"weight_decay":9.565536678281204e-05,"batch_size":256,"_runtime":0,"hidden_dim":256,"num_layers":3,"normalization":"log","best_valid_loss":2.3970147408776525e-06,"dropout":0.19649266974493718,"_wandb":{"runtime":0},"patch_size":16,"_step":0,"num_heads":8,"_timestamp":1.7612354771157598e+09,"lr":0.0008460766606129508}