{"_wandb":{"runtime":1155},"_runtime":1155,"_step":20,"epoch":19,"train_loss":8.244098909783229e-06,"valid_loss":9.35686534830893e-06,"_timestamp":1.7612266055224786e+09,"best_valid_loss":9.35686534830893e-06}