{"_wandb":{"runtime":1155},"_runtime":1155,"epoch":19,"train_loss":3.0733462255595535e-06,"valid_loss":2.239224174486894e-06,"_timestamp":1.7612343098478713e+09,"_step":20,"best_valid_loss":2.239224174486894e-06}