{"_step":5,"epoch":5,"train_loss":1.5140865153981147e-05,"valid_loss":1.3659723890668829e-05,"_timestamp":1.7612430113382955e+09,"_wandb":{"runtime":293},"_runtime":293}