{"valid_loss":3.931270374447525e-06,"_timestamp":1.761242250755969e+09,"_step":7,"epoch":7,"train_loss":5.209576066159857e-06,"_wandb":{"runtime":425},"_runtime":425}