{"_runtime":326,"_step":5,"epoch":5,"train_loss":6.763901356670861e-06,"valid_loss":5.65634788720424e-06,"_timestamp":1.761241007548697e+09,"_wandb":{"runtime":326}}