{"_runtime":335,"_step":5,"epoch":5,"train_loss":9.056465257904978e-06,"valid_loss":7.524782921047352e-06,"_timestamp":1.7612377349546041e+09,"_wandb":{"runtime":335}}