{"_wandb":{"runtime":515},"_runtime":515,"_step":8,"epoch":8,"train_loss":4.132507483159555e-06,"valid_loss":3.258770758210713e-06,"_timestamp":1.7612401747060328e+09}