{"_timestamp":1.7612528950759928e+09,"_step":20,"best_valid_loss":1.9564388144997e-06,"_wandb":{"runtime":1968},"_runtime":1968,"epoch":19,"train_loss":2.295513995599418e-06,"valid_loss":2.0781033176665486e-06}