{"num_layers":2,"_runtime":0,"dropout":0.1340549040688429,"_wandb":{"runtime":0},"normalization":"log","lr":0.0001405914920313452,"best_valid_loss":3.168897747359138e-06,"weight_decay":0.0009105719409244559,"_step":0,"patch_size":16,"hidden_dim":256,"batch_size":256,"_timestamp":1.7612254481831877e+09,"num_heads":4}