{"_step":5,"epoch":5,"train_loss":5.022682251437318e-06,"valid_loss":4.304550456013778e-06,"_timestamp":1.7612553050277445e+09,"_wandb":{"runtime":472},"_runtime":472}