{"train_loss":1.1066335099186339e-05,"valid_loss":9.672269388002777e-06,"_timestamp":1.7612384994770508e+09,"_wandb":{"runtime":343},"_runtime":343,"_step":5,"epoch":5}