{"train_loss":4.7406681041569464e-06,"valid_loss":3.672074957318149e-06,"_timestamp":1.7612406777749708e+09,"_step":7,"_wandb":{"runtime":499},"_runtime":499,"epoch":7}