{"epoch":19,"train_loss":2.3325167770005483e-06,"valid_loss":2.033496692657254e-06,"best_valid_loss":1.922014526282782e-06,"_wandb":{"runtime":1918},"_runtime":1918,"_timestamp":1.7612660946505132e+09,"_step":20}