{"best_valid_loss":4.7049935508913145e-06,"hidden_dim":512,"weight_decay":1.9630650452354217e-05,"_timestamp":1.7612227866849985e+09,"normalization":"log","_runtime":0,"num_heads":8,"num_layers":2,"_wandb":{"runtime":0},"patch_size":16,"dropout":0.36286014967116154,"_step":0,"lr":1.4816193581281398e-05,"batch_size":64}