{"epoch":5,"train_loss":5.632157100104896e-06,"valid_loss":5.45306646007253e-06,"_timestamp":1.7612509227563577e+09,"_wandb":{"runtime":394},"_runtime":394,"_step":5}