{"_wandb":{"runtime":415},"_runtime":415,"_timestamp":1.7612290221493795e+09,"_step":5,"epoch":5,"train_loss":1.071158794729854e-05,"valid_loss":1.1345332206308905e-05}