{"_step":7,"epoch":7,"train_loss":5.310738772909405e-06,"valid_loss":4.113397101884237e-06,"_timestamp":1.7612414679981024e+09,"_wandb":{"runtime":457},"_runtime":457}