{"_runtime":467,"epoch":7,"train_loss":5.239961943085578e-06,"valid_loss":3.924945376225382e-06,"_timestamp":1.7612373960103571e+09,"_step":7,"_wandb":{"runtime":467}}