{"train_loss":4.632817495917905e-06,"valid_loss":4.4653300251254755e-06,"_timestamp":1.7612243690821764e+09,"best_valid_loss":4.4653300251254755e-06,"_wandb":{"runtime":1580},"_runtime":1580,"_step":20,"epoch":19}