{"_step":20,"epoch":19,"train_loss":2.4119161301296236e-06,"valid_loss":2.0487834965923416e-06,"best_valid_loss":2.0487834965923416e-06,"_wandb":{"runtime":1930},"_runtime":1930,"_timestamp":1.761254828633709e+09}