{"train_loss":9.403470633180022e-06,"valid_loss":8.968083441438715e-06,"_timestamp":1.7612277293847919e+09,"best_valid_loss":8.968083441438715e-06,"_wandb":{"runtime":1120},"_runtime":1120,"_step":20,"epoch":19}