{"best_valid_loss":3.924945376225382e-06,"_step":0,"patch_size":16,"weight_decay":3.3937124288921383e-06,"_timestamp":1.7612373979467666e+09,"num_heads":8,"num_layers":3,"batch_size":256,"_wandb":{"runtime":0},"_runtime":0,"hidden_dim":256,"normalization":"log","lr":0.0002824130995547023,"dropout":0.15559780433110482}