{"num_heads":8,"num_layers":3,"dropout":0.11246965066530967,"patch_size":16,"lr":0.0007541075814175884,"_wandb":{"runtime":0},"weight_decay":0.0002443625521493315,"_timestamp":1.7612331522528172e+09,"hidden_dim":256,"batch_size":256,"normalization":"log","best_valid_loss":2.0424560137722767e-06,"_runtime":0,"_step":0}