{"train_loss":2.724117381914862e-06,"valid_loss":2.0424560137722767e-06,"_timestamp":1.7612331482890072e+09,"best_valid_loss":2.0424560137722767e-06,"_wandb":{"runtime":1163},"_runtime":1163,"_step":20,"epoch":19}