{"train_loss":8.664557616324792e-06,"valid_loss":7.928406913296468e-06,"_timestamp":1.7612369257163477e+09,"_wandb":{"runtime":301},"_runtime":301,"_step":5,"epoch":5}