{"_runtime":1141,"epoch":19,"train_loss":3.4145935881539443e-06,"valid_loss":2.5849282368736484e-06,"_timestamp":1.7612366202735932e+09,"_step":20,"best_valid_loss":2.5849282368736484e-06,"_wandb":{"runtime":1141}}