{"_wandb":{"runtime":350},"_runtime":350,"_timestamp":1.7612418220984561e+09,"_step":5,"epoch":5,"train_loss":6.58692081407552e-06,"valid_loss":5.074768110220744e-06}