{"_runtime":582,"_step":5,"epoch":5,"train_loss":6.512038454118569e-06,"valid_loss":6.323308593630503e-06,"_timestamp":1.7612558904010546e+09,"_wandb":{"runtime":582}}