{"best_valid_loss":4.7049935508913145e-06,"_wandb":{"runtime":1285},"_runtime":1285,"valid_loss":4.7049935508913145e-06,"_timestamp":1.761222785220853e+09,"_step":20,"epoch":19,"train_loss":5.94611804035293e-06}