{"best_valid_loss":2.0024857994731168e-06,"_wandb":{"runtime":1930},"_runtime":1930,"epoch":19,"train_loss":2.3814733939742903e-06,"valid_loss":2.094655666491465e-06,"_timestamp":1.7612584886006923e+09,"_step":20}