{"_timestamp":1.7612401763394094e+09,"best_valid_loss":3.258770758210713e-06,"lr":0.00039601560601590277,"_runtime":0,"dropout":0.10112497113232669,"patch_size":16,"batch_size":256,"_wandb":{"runtime":0},"num_heads":8,"weight_decay":0.0002570294617483601,"_step":0,"num_layers":3,"hidden_dim":256,"normalization":"log"}