{"train_loss":2.6830677676200788e-06,"valid_loss":2.4179967478902517e-06,"_timestamp":1.7612641723037596e+09,"_wandb":{"runtime":1820},"_runtime":1820,"_step":18,"epoch":18}