{"_timestamp":1.7612692846306152e+09,"_wandb":{"runtime":1395},"_runtime":1395,"_step":12,"epoch":12,"train_loss":3.0439323607737945e-06,"valid_loss":2.7051307171504226e-06}