{"_wandb":{"runtime":1922},"_runtime":1922,"epoch":19,"train_loss":2.4858738981571235e-06,"valid_loss":2.070787467733032e-06,"_timestamp":1.7612623481582038e+09,"_step":20,"best_valid_loss":2.070787467733032e-06}