{"_timestamp":1.7612396561015205e+09,"_step":20,"best_valid_loss":2.4146973642431973e-06,"_wandb":{"runtime":1153},"_runtime":1153,"epoch":19,"train_loss":3.1276708826130504e-06,"valid_loss":2.4146973642431973e-06}