{"train_loss":5.049230166879465e-06,"_wandb":{"runtime":661},"_runtime":661,"valid_loss":4.833748679912192e-06,"_timestamp":1.761256555051351e+09,"_step":5,"epoch":5}