{"_timestamp":1.7612430127876754e+09,"_step":0,"patch_size":64,"num_layers":2,"dropout":0.21133011673117932,"_wandb":{"runtime":0},"best_valid_loss":1.3659723890668829e-05,"hidden_dim":256,"_runtime":0,"weight_decay":2.7083496854511796e-05,"lr":1.5207466181028596e-05,"batch_size":128,"num_heads":8,"normalization":"log"}