{"_step":20,"best_valid_loss":2.1444744723486037e-06,"_wandb":{"runtime":1501},"_runtime":1501,"epoch":19,"train_loss":2.6711861461526555e-06,"valid_loss":2.1444744723486037e-06,"_timestamp":1.7612475266435556e+09}