{"epoch":19,"train_loss":2.5889421085473757e-06,"best_valid_loss":2.1571954127058895e-06,"_wandb":{"runtime":1423},"_runtime":1423,"valid_loss":2.1996117451395214e-06,"_timestamp":1.7612675220334558e+09,"_step":20}