{"_step":5,"epoch":5,"train_loss":1.038541724459432e-05,"valid_loss":1.1865413357141238e-05,"_timestamp":1.7612286028867447e+09,"_wandb":{"runtime":552},"_runtime":552}