{"valid_loss":2.123803223258128e-06,"_timestamp":1.7612505247369945e+09,"_step":20,"best_valid_loss":2.0949877601186476e-06,"_wandb":{"runtime":1721},"_runtime":1721,"epoch":19,"train_loss":2.444214957124481e-06}