{"valid_loss":3.566756559252851e-06,"_wandb":{"runtime":360},"_runtime":360,"_timestamp":1.7612678858012168e+09,"_step":5,"epoch":5,"train_loss":3.926569077171638e-06}