{"_step":20,"best_valid_loss":2.3897772714256216e-06,"_wandb":{"runtime":1162},"_runtime":1162,"epoch":19,"train_loss":3.035311207991311e-06,"valid_loss":2.3897772714256216e-06,"_timestamp":1.7612319817245374e+09}