{"_timestamp":1.761238152996594e+09,"_wandb":{"runtime":414},"_runtime":414,"_step":7,"epoch":7,"train_loss":4.735094343147725e-06,"valid_loss":3.989893271843367e-06}