{"_step":5,"_wandb":{"runtime":309},"_runtime":309,"epoch":5,"train_loss":1.3556378328438775e-05,"valid_loss":1.2424225401859571e-05,"_timestamp":1.7612293351663256e+09}