{"_step":0,"_wandb":{"runtime":0},"batch_size":256,"num_heads":8,"dropout":0.13184402834094525,"weight_decay":0.0005473617959151567,"patch_size":16,"best_valid_loss":5.074768110220744e-06,"hidden_dim":256,"num_layers":3,"lr":0.00015628939863238613,"normalization":"log","_runtime":0,"_timestamp":1.761241823600454e+09}