{"epoch":19,"train_loss":3.059647299682853e-06,"valid_loss":2.3653388749070556e-06,"_timestamp":1.7612308158519354e+09,"_step":20,"best_valid_loss":2.3653388749070556e-06,"_wandb":{"runtime":1174},"_runtime":1174}