{"_wandb":{"runtime":1160},"_runtime":1160,"_step":20,"epoch":19,"train_loss":3.180118369527918e-06,"valid_loss":2.3970147408776525e-06,"_timestamp":1.761235475471929e+09,"best_valid_loss":2.3970147408776525e-06}