{"_timestamp":1.7612280471445682e+09,"_step":5,"epoch":5,"train_loss":1.1185322501353085e-05,"valid_loss":9.680815456631116e-06,"_wandb":{"runtime":314},"_runtime":314}