{"train_loss":1.6200582880941173e-06,"valid_loss":1.2710061925133032e-06,"_timestamp":1.7613057133108442e+09,"_wandb":{"runtime":7029},"_runtime":7029.037979042,"_step":99}