{"best_valid_loss":1.7136296209769327e-06,"_wandb":{"runtime":1507},"_runtime":1507,"train_loss":2.265559067077959e-06,"valid_loss":1.845132861416951e-06,"_timestamp":1.7612445223187308e+09,"_step":20,"epoch":19}