{"hidden_dim":512,"lr":0.0003443849688285381,"batch_size":64,"normalization":"z","weight_decay":1.2147073423338126e-05,"_timestamp":1.761252896595576e+09,"_step":0,"_runtime":0,"patch_size":16,"dropout":0.25913618497777025,"num_layers":5,"_wandb":{"runtime":0},"num_heads":8,"best_valid_loss":1.9564388144997e-06}