{"best_valid_loss":2.2736417083157496e-06,"_wandb":{"runtime":1269},"_runtime":1269,"valid_loss":2.3637951680834755e-06,"_timestamp":1.7612487994886372e+09,"_step":20,"epoch":19,"train_loss":2.940233326590046e-06}