{"train_loss":1.0403158778941685e-05,"valid_loss":1.0061537440461423e-05,"_timestamp":1.7612296379723678e+09,"_wandb":{"runtime":298},"_runtime":298,"_step":5,"epoch":5}