{"best_valid_loss":1.835101047304463e-06,"_wandb":{"runtime":1495},"_runtime":1495,"train_loss":2.3356765362656752e-06,"valid_loss":1.835101047304463e-06,"_timestamp":1.7612460214610548e+09,"_step":20,"epoch":19}