{"_step":20,"epoch":19,"train_loss":4.074141830451002e-06,"valid_loss":3.168897747359138e-06,"best_valid_loss":3.168897747359138e-06,"_wandb":{"runtime":1074},"_runtime":1074,"_timestamp":1.7612254464960818e+09}