Labeled Percentage,Init Type,Downstream,Seeds,Test Loss,Test F1 Score
1.0,pretrain,frozen,0,2.3432828079570425,0.03487882790777763
1.0,pretrain,frozen,1,2.247105295007879,0.03868804298311879
1.0,pretrain,frozen,2,2.2313699505545874,0.14951234607195005
1.0,pretrain,frozen,3,2.3109876784411343,0.025264105091158107
1.0,pretrain,frozen,4,2.264621604572643,0.25563993739018004
