{"epoch":19,"train_loss":2.5407192542813287e-06,"valid_loss":2.220434765504983e-06,"_timestamp":1.761260422217899e+09,"best_valid_loss":2.1715997754863462e-06,"_wandb":{"runtime":1930},"_runtime":1930,"_step":20}