{"_step":5,"epoch":5,"_wandb":{"runtime":573},"_runtime":573,"train_loss":3.978001876665629e-06,"valid_loss":3.477600693645661e-06,"_timestamp":1.7612698624599369e+09}